Workbook

Sheet Sales Data
A1: Order ID | B1: Order Date | C1: Product | D1: Category | E1: Quantity | F1: Unit Price | G1: Sales
A2: 1108 | B2: 46023 | C2: Mouse | D2: Accessories | E2: 5 | F2: 847.83 | G2: 4239.15
A3: 1057 | B3: 46023 | C3: Office Chair | D3: Furniture | E3: 5 | F3: 9225.08 | G3: 46125.4
A4: 1043 | B4: 46024 | C4: Mobile | D4: Electronics | E4: 1 | F4: 20807.34 | G4: 20807.34
A5: 1255 | B5: 46026 | C5: Mouse | D5: Accessories | E5: 2 | F5: 891.86 | G5: 1783.72
A6: 1210 | B6: 46026 | C6: Office Chair | D6: Furniture | E6: 2 | F6: 8031.99 | G6: 16063.98
A7: 1005 | B7: 46029 | C7: Headphones | D7: Accessories | E7: 7 | F7: 2360.22 | G7: 16521.54
A8: 1148 | B8: 46029 | C8: Mouse | D8: Accessories | E8: 7 | F8: 881.4 | G8: 6169.8
A9: 1196 | B9: 46029 | C9: Mobile | D9: Electronics | E9: 4 | F9: 24032.41 | G9: 96129.64
A10: 1089 | B10: 46029 | C10: Tablet | D10: Electronics | E10: 6 | F10: 19016.59 | G10: 114099.54
A11: 1282 | B11: 46030 | C11: Laptop | D11: Electronics | E11: 8 | F11: 58820.28 | G11: 470562.24
A12: 1248 | B12: 46031 | C12: Keyboard | D12: Accessories | E12: 3 | F12: 1377.04 | G12: 4131.12
A13: 1044 | B13: 46031 | C13: Keyboard | D13: Accessories | E13: 2 | F13: 1504.25 | G13: 3008.5
... A301: 1161 | B301: 46202 | C301: Mouse | D301: Accessories | E301: 1 | F301: 902.99 | G301: 902.99

Sheet Sheet1
A1: Sales Analysis | D1: Month | E1: Total Sales | G1: Category | H1: Total Sales | M1: Product | N1: Total Sales
A2: Total Sales | B2: =SUM('Sales Data'!G:G) -> 18372786 | D2: January | E2: =SUMIFS('Sales Data'!$G:$G,'Sales Data'!$B:$B,">="&DATE(2026,1,1),'Sales Data'!$B:$B,"<"&DATE(2026,2,1)) -> 3687420.7 | G2: Electronics | H2: =SUMIF('Sales Data'!$D:$D,G2,'Sales Data'!$G:$G) -> 14304649 | M2: Laptop | N2: =SUMIF('Sales Data'!$C:$C,M2,'Sales Data'!$G:$G) -> 8254867.6
A3: Total Quantity | B3: =SUM('Sales Data'!E:E) -> 1380 | D3: February | E3: =SUMIFS('Sales Data'!$G:$G,'Sales Data'!$B:$B,">="&DATE(2026,2,1),'Sales Data'!$B:$B,"<"&DATE(2026,3,1)) -> 2407106 | G3: Furniture | H3: =SUMIF('Sales Data'!$D:$D,G3,'Sales Data'!$G:$G) -> 3078949.4 | M3: Mobile | N3: =SUMIF('Sales Data'!$C:$C,M3,'Sales Data'!$G:$G) -> 3880322.5
A4: Total Orders | B4: =COUNTA('Sales Data'!A:A)-1 -> 300 | D4: March | E4: =SUMIFS('Sales Data'!$G:$G,'Sales Data'!$B:$B,">="&DATE(2026,3,1),'Sales Data'!$B:$B,"<"&DATE(2026,4,1)) -> 3029946.6 | G4: Accessories | H4: =SUMIF('Sales Data'!$D:$D,G4,'Sales Data'!$G:$G) -> 989187.33 | M4: Tablet | N4: =SUMIF('Sales Data'!$C:$C,M4,'Sales Data'!$G:$G) -> 2169459.1
A5: Average Sales Per Order | B5: =AVERAGE('Sales Data'!G:G) -> 61242.62 | D5: April | E5: =SUMIFS('Sales Data'!$G:$G,'Sales Data'!$B:$B,">="&DATE(2026,4,1),'Sales Data'!$B:$B,"<"&DATE(2026,5,1)) -> 3255909.4 | M5: Headphones | N5: =SUMIF('Sales Data'!$C:$C,M5,'Sales Data'!$G:$G) -> 469438.64
D6: May | E6: =SUMIFS('Sales Data'!$G:$G,'Sales Data'!$B:$B,">="&DATE(2026,5,1),'Sales Data'!$B:$B,"<"&DATE(2026,6,1)) -> 3160555.6 | M6: Mouse | N6: =SUMIF('Sales Data'!$C:$C,M6,'Sales Data'!$G:$G) -> 220975.21
D7: June | E7: =SUMIFS('Sales Data'!$G:$G,'Sales Data'!$B:$B,">="&DATE(2026,6,1),'Sales Data'!$B:$B,"<"&DATE(2026,7,1)) -> 2831847.6 | M7: Keyboard | N7: =SUMIF('Sales Data'!$C:$C,M7,'Sales Data'!$G:$G) -> 298773.48
M8: Office Chair | N8: =SUMIF('Sales Data'!$C:$C,M8,'Sales Data'!$G:$G) -> 1450840.8
M9: Desk | N9: =SUMIF('Sales Data'!$C:$C,M9,'Sales Data'!$G:$G) -> 1628108.7

Sheet Dashboard
B2: SALES ANALYSIS DASHBOARD
B4: Total Sales | C4: 18372786
B5: Total Quantity | C5: 1380
B6: Total Orders | C6: 300
B7: Average Sales per Order | C7: 61242.62
